"Company Name","Executive First Name","Executive Last Name","Address","City","State","ZIP Code","Record Type","Latitude","Longitude","Location Employee Size Actual","Location Sales Volume Actual"
"02 Cafe","","","1001 Massachusetts Ave","Cambridge","MA","02138","Verified","042.369644","-071.111271","00001","$68,000"
"1369 Coffee House","Josh","Gerber","1369 Cambridge St","Cambridge","MA","02139","Verified","042.373847","-071.100368","00013","$727,000"
"1369 Coffee House","Gerrad","Wolfe","757 Massachusetts Ave","Cambridge","MA","02139","Verified","042.366670","-071.105292","00015","$839,000"
"2nd Street Cafe","Anthony","Miller","89 2nd St # 1","Cambridge","MA","02141","Verified","042.368532","-071.079307","00002","$112,000"
"9 Zaab","Tom","Daranuwat","569 Cambridge St","Cambridge","MA","02141","Verified","042.372016","-071.085830","00006","$336,000"
"9tastes","Nancy","Jitjaruk","50 Jfk St # 1","Cambridge","MA","02138","Verified","042.371982","-071.120343","00006","$336,000"
"A M American Intl","","","187 Hampshire St","Cambridge","MA","02139","Verified","042.372819","-071.099253","00006","$336,000"
"Abbey","Damian","Dowling","1755 Massachusetts Ave","Cambridge","MA","02140","Verified","042.385110","-071.119246","00006","$336,000"
"ABC Pizza House Inc","Amir","Anbardar","744 Massachusetts Ave","Cambridge","MA","02139","Verified","042.366061","-071.105463","00001","$56,000"
"Abigail's","James","Ludwig","291 3rd St","Cambridge","MA","02142","Verified","042.365580","-071.082690","00010","$560,000"
"Aceituna Cafe","Samer","Malak","605 W Kendall St","Cambridge","MA","02142","Verified","042.364462","-071.082085","00009","$504,000"
"Alden & Harlow","Michael","Scelfo","40 Brattle St","Cambridge","MA","02138","Verified","042.373547","-071.121506","00006","$336,000"
"Aleppo Palace","","","25 Central Sq","Cambridge","MA","02139","Verified","042.365414","-071.104668","00006","$336,000"
"Alfredo's Italian Kitchen","","","691 Cambridge St Frnt","Cambridge","MA","02141","Verified","042.372208","-071.088039","00006","$336,000"
"All Star Pizza Bar","","","1238 Cambridge St","Cambridge","MA","02139","Verified","042.373220","-071.098043","00006","$336,000"
"All Star Sandwich Bar","","","1238 Cambridge St","Cambridge","MA","02139","Verified","042.373220","-071.098043","00012","$671,000"
"Amelia's Trattoria","Delio","Sussi Jr","111 Harvard St","Cambridge","MA","02139","Verified","042.365109","-071.092863","00010","$560,000"
"Amuse","","","20 Sidney St","Cambridge","MA","02139","Verified","042.361660","-071.099663","00006","$336,000"
"Andala Coffee House","Sami","Herbawi","286 Franklin St","Cambridge","MA","02139","Verified","042.364725","-071.105745","00004","$224,000"
"Andys Diner","","","2030 Massachusetts Ave","Cambridge","MA","02140","Verified","042.390636","-071.122106","00005","$280,000"
"Angelo's Pizza","Claudio","DE Maestro","444 Broadway","Cambridge","MA","02138","Verified","042.372948","-071.110718","00002","$112,000"
"Anna's Taqueria","Michael","Kamio","822 Somerville Ave","Cambridge","MA","02140","Verified","042.391900","-071.129000","00027","$1,510,000"
"Anna's Taqueria","","","84 Massachusetts Ave","Cambridge","MA","02139","Verified","042.359051","-071.094757","00020","$1,119,000"
"Anthony's Pizza","Orhan A","Tas","43 Gore St","Cambridge","MA","02141","Verified","042.371810","-071.079458","00006","$336,000"
"Anytime Pizza","","","212 Western Ave","Cambridge","MA","02139","Verified","042.364632","-071.110611","00006","$336,000"
"Aramis 2 Lic","","","345 Cambridge St","Cambridge","MA","02141","Verified","042.371498","-071.081765","00006","$336,000"
"Arams House Of Pizza","","","345 Cambridge St","Cambridge","MA","02141","Verified","042.371498","-071.081765","00005","$280,000"
"Are Ma Region No Fifty Nine","","","1 Kendall Sq","Cambridge","MA","02139","Verified","042.366665","-071.090897","00006","$336,000"
"Area Four","Rachel","Isenberg","500 Technology Sq # 4","Cambridge","MA","02139","Verified","042.363896","-071.097043","00006","$336,000"
"Ariadne Clifton Inc","Ariadne","Clifton","16 Parker St","Cambridge","MA","02138","Verified","042.379913","-071.127769","00001","$56,000"
"Armando's Pizza","Rena","Bonavida","163 Huron Ave","Cambridge","MA","02138","Verified","042.382343","-071.131382","00003","$168,000"
"Artbar","Michael","Medeiros","40 Edwin H Land Blvd","Cambridge","MA","02142","Verified","042.366716","-071.075321","00010","$560,000"
"Artbar At The Royal Sonesta","","","90 Edwin H Land Blvd","Cambridge","MA","02142","Verified","042.363600","-071.082800","00006","$336,000"
"Asgard","Bill","Goodwin","350 Massachusetts Ave # 102","Cambridge","MA","02139","Verified","042.362468","-071.099644","00048","$2,575,000"
"Asmara Restaurant","Lettensa","Afeworki","739 Massachusetts Ave","Cambridge","MA","02139","Verified","042.366351","-071.105005","00005","$280,000"
"Atomic Bean Cafe","","","904 Massachusetts Ave","Cambridge","MA","02139","Verified","042.368179","-071.108727","00006","$336,000"
"Atwood's Tavern","","","877 Cambridge St","Cambridge","MA","02141","Verified","042.372758","-071.091455","00015","$839,000"
"Au Bon Pain","","","1100 Massachusetts Ave # 15","Cambridge","MA","02138","Verified","042.370391","-071.113703","00035","$1,957,000"
"Au Bon Pain","Mandesh","Shrestha","238 Main St","Cambridge","MA","02142","Verified","042.362083","-071.084702","00025","$1,398,000"
"Au Bon Pain","Rajan","Shrestsa","684 Massachusetts Ave","Cambridge","MA","02139","Verified","042.365722","-071.104536","00018","$1,007,000"
"Automatic","Thomas","Nolan","50 Hampshire St","Cambridge","MA","02139","Verified","042.366976","-071.092881","00006","$336,000"
"B GOOD","","","1 Eliot St","Cambridge","MA","02138","Verified","042.372599","-071.121824","00006","$336,000"
"Bab Al Amoud Cafe","","","148 Western Ave","Cambridge","MA","02139","Verified","042.365600","-071.104100","00006","$336,000"
"Bagelsaurus","Mary","Ting Hyatt","1796 Massachusetts Ave","Cambridge","MA","02140","Verified","042.386058","-071.119516","00006","$336,000"
"Bambara Restaurant","David","Bazirgan","25 Edwin H Land Blvd","Cambridge","MA","02141","Verified","042.367965","-071.075135","00060","$3,355,000"
"Baraka Cafe","Alia","Rejeb","80 Pearl St","Cambridge","MA","02139","Verified","042.362901","-071.104361","00002","$112,000"
"Barismo","Hong","Xue","364 Broadway","Cambridge","MA","02139","Verified","042.370442","-071.104446","00006","$336,000"
"Base Crave","Bhola","Pandey","344 Huron Ave","Cambridge","MA","02138","Verified","042.381137","-071.137716","00005","$280,000"
"Basha's Cafe","Tesfaye","Andarge","26 New St","Cambridge","MA","02138","Verified","042.387836","-071.140222","00006","$336,000"
"Basta Pasta","Altin","Hoxha","319 Western Ave","Cambridge","MA","02139","Verified","042.364662","-071.113369","00003","$168,000"
"Beantown Taqueria","Hugo","Mendez","245 Massachusetts Ave","Cambridge","MA","02139","Verified","042.361736","-071.097122","00005","$280,000"
"Beantowne Coffee House","Ed","Goiette","1 Kendall Sq # B2105","Cambridge","MA","02139","Verified","042.366665","-071.090897","00007","$392,000"
"Beat Brasserie","Randy","Ricker","13 Brattle St","Cambridge","MA","02138","Verified","042.373532","-071.120232","00003","$168,000"
"Beat Hotel","Tommy","Lapsley","13 Brattle St","Cambridge","MA","02138","Verified","042.373532","-071.120232","00099","$11,292,000"
"Beauty's Pizza","","","187 Hampshire St","Cambridge","MA","02139","Verified","042.372819","-071.099253","00006","$336,000"
"Ben & Jerry's","","","36 Jfk St # 13","Cambridge","MA","02138","Verified","042.372616","-071.119899","00011","$615,000"
"Benedetto","Megan","Mckinnon","1 Bennett St","Cambridge","MA","02138","Verified","042.371792","-071.122780","00006","$336,000"
"Berryline","Matthew","Wallace","1 Arrow St","Cambridge","MA","02138","Verified","042.371277","-071.114611","00010","$560,000"
"Bertucci's","","","5 Cambridgepark Dr # 1","Cambridge","MA","02140","Verified","042.395691","-071.141953","00065","$3,635,000"
"Bertucci's","Cheryl","Dasilva","799 Main St","Cambridge","MA","02139","Verified","042.363468","-071.097239","00050","$2,796,000"
"Bgood","","","301 3rd St","Cambridge","MA","02142","Verified","042.365032","-071.083000","00006","$336,000"
"Bisq","","","1071 Cambridge St","Cambridge","MA","02139","Verified","042.365600","-071.104100","00006","$336,000"
"Black Sheep Restaurant","Charlotte","Forsythe","350 Main St","Cambridge","MA","02142","Verified","042.362267","-071.087225","00010","$560,000"
"Blaze Pizza","Kevin","Brown","1 Canal Park","Cambridge","MA","02141","Verified","042.369566","-071.076777","00003","$168,000"
"Bluestone Lane","Nicholas","Stone","27 Brattle St","Cambridge","MA","02138","Verified","042.373629","-071.120694","00005","$280,000"
"Boca Grande Taqueria","Mariko","Kaneo","149 1st St","Cambridge","MA","02142","Verified","042.366392","-071.078213","00005","$280,000"
"Bom Cafe","Antonio","Gomes","1093 Cambridge St","Cambridge","MA","02139","Verified","042.373194","-071.095621","00010","$560,000"
"Bon Appetit @ Lesley Univ","Elizabeth","Baldwin","89 Brattle St Sherrill Library","Cambridge","MA","02138","Verified","042.377600","-071.124700","00006","$336,000"
"Bon Appetit Caterers","John","Curtin","96 Concord Ave","Cambridge","MA","02138","Verified","042.381210","-071.129296","00004","$224,000"
"Bon Me","Patrick","Lynch","1 Kendall Sq # B3105","Cambridge","MA","02139","Verified","042.366665","-071.090897","00006","$336,000"
"Bon Me","Patrick","Lynch","49 Sacramento St # 1a","Cambridge","MA","02138","Verified","042.382713","-071.114882","00006","$336,000"
"Bon Me Lic","Canek","Martinez","201 Alewife Brook Pkwy","Cambridge","MA","02138","Verified","042.390076","-071.142688","00006","$336,000"
"Bonchon","Peter","Han","57 Jfk St # 5","Cambridge","MA","02138","Verified","042.372142","-071.120913","00010","$560,000"
"Bondir Cambridge","Jason","Bond","279a Broadway","Cambridge","MA","02139","Verified","042.368286","-071.097771","00006","$336,000"
"Border Cafe-Cambridge","Martin","Lopez","32 Church St","Cambridge","MA","02138","Verified","042.374217","-071.120343","00110","$6,150,000"
"Bosphorus Mediteranian Rstrnt","","","1164 Cambridge St","Cambridge","MA","02139","Verified","042.365600","-071.104100","00006","$336,000"
"Boston Burger Co","","","1105 Massachusetts Ave","Cambridge","MA","02138","Verified","042.370614","-071.113351","00006","$336,000"
"Brakefast","Irene P","Mccarthy","35 Jfk St","Cambridge","MA","02138","Verified","042.372818","-071.120173","00006","$336,000"
"Brazen Eats","","","8 Kelly Rd # 2","Cambridge","MA","02139","Verified","042.361872","-071.108745","00006","$336,000"
"Bridgesteet Restaurant","","","1166 Cambridge St","Cambridge","MA","02139","Verified","042.373072","-071.096825","00006","$336,000"
"Brookline Lunch","Jamal","Rubin","5 Brookline St","Cambridge","MA","02139","Verified","042.363878","-071.101722","00002","$112,000"
"Bukowski's Tavern","","","1281 Cambridge St","Cambridge","MA","02139","Verified","042.373678","-071.098771","00012","$671,000"
"Burger King","Maria","Perdomo","100 Cambridgeside Pl # W226","Cambridge","MA","02141","Verified","042.367850","-071.075740","00022","$1,230,000"
"Burger King","Elizabeth","Mc Mahon","679 Concord Ave","Cambridge","MA","02138","Verified","042.390556","-071.150259","00022","$1,230,000"
"C'Est Bon","","","12 Quincy St","Cambridge","MA","02138","Verified","042.372585","-071.114548","00006","$336,000"
"Cafe Anthony","Nancy","Tas","43 Gore St","Cambridge","MA","02141","Verified","042.371810","-071.079458","00004","$224,000"
"Cafe Artscience","Salvatore","Rappo","650 E Kendall St","Cambridge","MA","02142","Verified","042.364471","-071.080627","00006","$336,000"
"Cafe Avec","Charbel","Salameh","2269 Massachusetts Ave # 1","Cambridge","MA","02140","Verified","042.394798","-071.126858","00004","$224,000"
"Cafe De Pays","Rachel E","Miller-Munzer","233 Cardinal Medeiros Ave","Cambridge","MA","02141","Verified","042.367662","-071.091181","00006","$336,000"
"Cafe Luna","Teri","Haymer","610 Main St","Cambridge","MA","02139","Verified","042.362537","-071.094460","00002","$112,000"
"Cafe Luna","","","612 Main St","Cambridge","MA","02139","Verified","042.362615","-071.093966","00006","$336,000"
"Cafe Mami","","","1815 Massachusetts Ave # P7","Cambridge","MA","02140","Verified","042.387294","-071.118395","00004","$224,000"
"Cafe Nero","","","589 Massachusetts Ave","Cambridge","MA","02139","Verified","042.365174","-071.102750","00006","$336,000"
"Cafe Sushi","Sab","Imura","1105 Massachusetts Ave","Cambridge","MA","02138","Verified","042.370614","-071.113351","00010","$560,000"
"Cafe Zing","","","25 White St","Cambridge","MA","02140","Verified","042.389150","-071.118136","00005","$280,000"
"Cambridge 1 Restaurant","Michael","Poole","27 Church St","Cambridge","MA","02138","Verified","042.374523","-071.120035","00031","$1,734,000"
"Cambridge Brewing Co","Phil","Bannatyne","1 Kendall Sq # B1102","Cambridge","MA","02139","Verified","042.366665","-071.090897","00035","$1,957,000"
"Cambridge Common","Holly","Heslop","1667 Massachusetts Ave","Cambridge","MA","02138","Verified","042.382083","-071.119202","00050","$2,796,000"
"Cambridge Deli & Grill","David A","Constantino","90 River St","Cambridge","MA","02139","Verified","042.364075","-071.107716","00002","$112,000"
"Cambridge House Of Pizza","Sophia","Raptis","2420 Massachusetts Ave","Cambridge","MA","02140","Verified","042.397418","-071.130688","00003","$168,000"
"Cambridge Wine & Spirits","David","Fields","202 Alewife Brook Pkwy","Cambridge","MA","02138","Verified","042.390823","-071.139870","00005","$1,399,000"
"Cancun Taqueria","","","1105 Massachusetts Ave","Cambridge","MA","02138","Verified","042.370614","-071.113351","00006","$336,000"
"Cantab Lounge","Richard","Fitzgerald","738 Massachusetts Ave","Cambridge","MA","02139","Verified","042.365912","-071.105135","00010","$537,000"
"Casa Portugal","Fernando","Gomes","1200 Cambridge St","Cambridge","MA","02139","Verified","042.373116","-071.097390","00003","$168,000"
"Catalyst Cafe","","","300 Technology Sq # 1","Cambridge","MA","02139","Verified","042.363169","-071.091491","00006","$336,000"
"Catalyst Restaurant","William","Kovel","300 Technology Sq # 3","Cambridge","MA","02139","Verified","042.363169","-071.091491","00030","$1,678,000"
"Cava","","","82 Ames St","Cambridge","MA","02142","Verified","042.363312","-071.087601","00015","$839,000"
"Central Kitchen","Gary","Strack","567 Massachusetts Ave","Cambridge","MA","02139","Verified","042.364918","-071.102371","00020","$1,119,000"
"Chalawan","","","1790 Massachusetts Ave","Cambridge","MA","02140","Verified","042.386014","-071.119522","00006","$336,000"
"Champions-Kendall Square","Karen","Kalvunas","50 Broadway","Cambridge","MA","02142","Verified","042.362874","-071.085714","00006","$336,000"
"Chang Shing Tofu Inc","Albert","Dao","37 Rogers St","Cambridge","MA","02142","Verified","042.366241","-071.079190","00008","$13,803,000"
"Changsho Restaurant","Jerry","Lin","1712 Massachusetts Ave","Cambridge","MA","02138","Verified","042.383529","-071.119885","00020","$1,119,000"
"Charles Riverboat Co","Russell","Cushman","100 Cambridgeside Pl # 2","Cambridge","MA","02141","Verified","042.367850","-071.075740","00004","$224,000"
"Charlie's Kitchen","Jaap","Overgaag","10 Eliot St","Cambridge","MA","02138","Verified","042.372397","-071.121470","00030","$1,678,000"
"Cheesecake Factory","Monique","Aguilar","100 Cambridgeside Pl # E102","Cambridge","MA","02141","Verified","042.367850","-071.075740","00250","$13,978,000"
"Chef Group Inc","Dao","Li","2372 Massachusetts Ave","Cambridge","MA","02140","Verified","042.396672","-071.129751","00004","$224,000"
"Chian Mai Thai Cambridge Inc","Donald C","Wong","100 Cambridgeside Pl","Cambridge","MA","02141","Verified","042.367850","-071.075740","00006","$336,000"
"Chicago Pizza","Oktaw","Demir","239 Massachusetts Ave","Cambridge","MA","02139","Verified","042.361765","-071.097159","00002","$112,000"
"Chick Chick Boom","","","80 River St","Cambridge","MA","02139","Verified","042.364111","-071.107506","00006","$336,000"
"Chicken Now","","","100 Cambridgeside Pl # F5","Cambridge","MA","02141","Verified","042.367850","-071.075740","00008","$448,000"
"China Visitors Program","John","Veo","720 Massachusetts Ave","Cambridge","MA","02139","Verified","042.365856","-071.105141","00006","$336,000"
"Chipotle Mexican Grill","Abraham","Arita","100 Cambridgeside Pl # F21","Cambridge","MA","02141","Verified","042.367850","-071.075740","00021","$1,175,000"
"Chipotle Mexican Grill","Wilian","Pleitez","227 Alewife Brook Pkwy # B5","Cambridge","MA","02138","Verified","042.389252","-071.143295","00019","$1,063,000"
"Chipotle Mexican Grill","","","255 Main St","Cambridge","MA","02142","Verified","042.362380","-071.084892","00021","$1,175,000"
"Chipotle Mexican Grill","","","50 Broadway","Cambridge","MA","02142","Verified","042.362874","-071.085714","00021","$1,175,000"
"Chipotle Mexican Grill","Raymi","Gonzalez","598 Massachusetts Ave","Cambridge","MA","02139","Verified","042.364833","-071.103062","00021","$1,175,000"
"Cho Cho","Sang","Cho","1815 Massachusetts Ave","Cambridge","MA","02140","Verified","042.387294","-071.118395","00002","$112,000"
"Christopher's Restaurant & Bar","Sarah","Dee","1920 Massachusetts Ave","Cambridge","MA","02140","Verified","042.389157","-071.119906","00050","$2,796,000"
"Church Street Creole Cafe Inc","T Garrick","Steele","32 Church St","Cambridge","MA","02138","Verified","042.374217","-071.120343","00006","$336,000"
"Chutney's","Sanjay","Tansagra","36 Jfk St","Cambridge","MA","02138","Verified","042.372616","-071.119899","00005","$280,000"
"Cinderella's Restaurant","Tony","Barros","187 Hampshire St","Cambridge","MA","02139","Verified","042.372819","-071.099253","00013","$727,000"
"Classic Restaurant Concepts","Macia","Ludwig","649 Massachusetts Ave # 7","Cambridge","MA","02139","Verified","042.365481","-071.103544","00003","$168,000"
"Clover Food Lab-Hub","","","1075 Cambridge St","Cambridge","MA","02139","Verified","042.373307","-071.095027","00006","$336,000"
"Coast Cafe","Anthony","Brooks","233 River St","Cambridge","MA","02139","Verified","042.363120","-071.111628","00003","$168,000"
"Cocoon Biotech","","","700 Main St","Cambridge","MA","02139","Verified","042.365600","-071.104100","00006","$336,000"
"Collette","Loic L","Garrec","1924 Massachusetts Ave","Cambridge","MA","02140","Verified","042.389204","-071.120493","00006","$336,000"
"Commonwealth Restaurant & Mkt","Steve","Postal","11 Broad Canal Way","Cambridge","MA","02142","Verified","042.363270","-071.082560","00015","$839,000"
"Concord Avenue Cafe","Leechan","Yang","294 Concord Ave","Cambridge","MA","02138","Verified","042.383648","-071.134036","00002","$112,000"
"Coop Cafe","","","1400 Massachusetts Ave","Cambridge","MA","02138","Verified","042.373726","-071.119659","00006","$336,000"
"Copacabana","Andre L","Blatka","2378 Massachusetts Ave","Cambridge","MA","02140","Verified","042.396709","-071.129791","00006","$336,000"
"Courthouse Fish Market","Joseph","Damaso","498 Cambridge St","Cambridge","MA","02141","Verified","042.371456","-071.084388","00003","$168,000"
"Courtside Restaurant & Pub","John","Clements","291 Cambridge St","Cambridge","MA","02141","Verified","042.371286","-071.080823","00006","$336,000"
"Courtyard By Marriott Boston","Tony","Schatz","777 Memorial Dr","Cambridge","MA","02139","Verified","042.358672","-071.114710","00125","$14,258,000"
"Craigie On Main","Tony","Maws","853 Main St","Cambridge","MA","02139","Verified","042.363497","-071.098640","00040","$2,237,000"
"Crazy Doughs","","","36 Jfk St # 3","Cambridge","MA","02138","Verified","042.372616","-071.119899","00010","$560,000"
"Cuchi Cuchi","Tamara","Bourso","795 Main St","Cambridge","MA","02139","Verified","042.363388","-071.097265","00030","$1,678,000"
"Cuisine En Locale","Jj","Gonson","67 Pleasant St # 1","Cambridge","MA","02139","Verified","042.362952","-071.109758","00005","$280,000"
"Curry N Wok","","","2378 Massachusetts Ave","Cambridge","MA","02140","Verified","042.396709","-071.129791","00006","$336,000"
"Curry Thai","","","569 Cambridge St","Cambridge","MA","02141","Verified","042.372016","-071.085830","00006","$336,000"
"Dado Tea","Jenny","Song","955 Massachusetts Ave # 4","Cambridge","MA","02139","Verified","042.369155","-071.109828","00006","$336,000"
"Dado Tea 50 Church Street","Jennie","Song","50 Church St","Cambridge","MA","02138","Verified","042.373800","-071.120390","00005","$532,000"
"Daily Catch Corp","Maria L","Freddura","9 Tremont St","Cambridge","MA","02139","Verified","042.369423","-071.099873","00006","$336,000"
"Darul Kabab Inc","Munir","Saji","2072 Massachusetts Ave","Cambridge","MA","02140","Verified","042.391035","-071.123274","00004","$224,000"
"Darwin's","","","313 Massachusetts Ave","Cambridge","MA","02139","Verified","042.362443","-071.098424","00006","$336,000"
"Darwin's LTD","Steven","Darwin","148 Mount Auburn St","Cambridge","MA","02138","Verified","042.374028","-071.125183","00018","$1,007,000"
"Darwin's LTD-Cambridge St","Steven","Darwin","1629 Cambridge St","Cambridge","MA","02138","Verified","042.374975","-071.109462","00020","$1,119,000"
"Desfina","Steve","Mallakia","202 3rd St","Cambridge","MA","02141","Verified","042.367532","-071.080977","00002","$112,000"
"Desi Dhaba","Anil","Kumar","401 Massachusetts Ave","Cambridge","MA","02139","Verified","042.363644","-071.099922","00005","$280,000"
"Diesel Cafe","Jennifer","Park","257 Elm St","Cambridge","MA","02139","Verified","042.372892","-071.095598","00006","$336,000"
"Dig Inn","","","82 Mount Auburn St","Cambridge","MA","02138","Verified","042.372181","-071.119598","00006","$336,000"
"Dimitrios Cuisine","Thomas","Kapourelakos","272 Brookline St","Cambridge","MA","02139","Verified","042.357445","-071.107676","00006","$336,000"
"Discovery Cafe","Gerald","Walba","157 6th St","Cambridge","MA","02142","Verified","042.366685","-071.087055","00015","$839,000"
"Discovery Cafe","","","301 Binney St","Cambridge","MA","02142","Verified","042.366685","-071.087055","00006","$336,000"
"Dmg Food Enterprises LLC","","","730 Massachusetts Ave","Cambridge","MA","02139","Verified","042.365912","-071.105135","00006","$336,000"
"Domino's","Juan","Brano","1033 Massachusetts Ave","Cambridge","MA","02138","Verified","042.369940","-071.112009","00015","$839,000"
"Dosa Factory","","","571 Massachusetts Ave","Cambridge","MA","02139","Verified","042.364933","-071.102351","00006","$336,000"
"Dough Life","","","100 Cambridgeside Pl","Cambridge","MA","02141","Verified","042.367850","-071.075740","00006","$336,000"
"Druid","Mike","Crawford","1357 Cambridge St","Cambridge","MA","02139","Verified","042.373825","-071.100212","00003","$168,000"
"Dumpling House","Adam","Bing","950 Massachusetts Ave # 3","Cambridge","MA","02139","Verified","042.368500","-071.110138","00030","$1,678,000"
"Dunkin'","Seid","Kelefa","1 White St","Cambridge","MA","02140","Verified","042.388609","-071.119010","00010","$548,000"
"Dunkin'","Anzana","Rahman","222 Broadway","Cambridge","MA","02139","Verified","042.366333","-071.094108","00011","$603,000"
"Dunkin'","Vincent","Leo","2480 Massachusetts Ave","Cambridge","MA","02140","Verified","042.398616","-071.132169","00012","$658,000"
"Dunkin'","Benny","Leo","5 Cambridgepark Dr # 3","Cambridge","MA","02140","Verified","042.395691","-071.141953","00011","$603,000"
"Dunkin'","Arthur","Rodrigues","616 Massachusetts Ave","Cambridge","MA","02139","Verified","042.364831","-071.103606","00012","$658,000"
"Dunkin'","Sita","Thapa","65 Jfk St","Cambridge","MA","02138","Verified","042.371860","-071.121133","00007","$384,000"
"Eastside Bar & Grill","Chris","Kosinski","561 Cambridge St","Cambridge","MA","02141","Verified","042.371941","-071.085601","00008","$430,000"
"El Jefes Taciuirea","","","83 Mount Auburn St","Cambridge","MA","02138","Verified","042.372520","-071.119658","00006","$336,000"
"Elm Street Lic","","","635 Cambridge St","Cambridge","MA","02141","Verified","042.372129","-071.086871","00006","$336,000"
"Emack & Bolio's Ice Cream","Sugam","Rai","23 White St","Cambridge","MA","02140","Verified","042.389571","-071.118451","00004","$224,000"
"Evoo","Steve","Curland","350 3rd St # 1","Cambridge","MA","02142","Verified","042.363517","-071.082846","00060","$3,355,000"
"Falafel Corner Halal Middle","Tarek","Moeneim","8 1/2 Eliot St","Cambridge","MA","02138","Verified","042.372494","-071.121483","00005","$280,000"
"Fava Bean","Ahmed A","Mahmood","100 Cambridge St","Cambridge","MA","02141","Verified","042.370216","-071.077843","00006","$336,000"
"Felipe's Mexican Taqueria","","","83 Mount Auburn St","Cambridge","MA","02138","Verified","042.372520","-071.119658","00006","$336,000"
"Felipe's Taqueria","Tom","Brush","21 Brattle St","Cambridge","MA","02138","Verified","042.373629","-071.120694","00024","$1,342,000"
"Field","Jerry","Coleman","20 Prospect St","Cambridge","MA","02139","Verified","042.365801","-071.103544","00005","$280,000"
"Fine Indian Cuisine","Vinay","Kumar","251 Cambridge St","Cambridge","MA","02141","Verified","042.371217","-071.080293","00006","$336,000"
"Fiorella's Express Cambridge","Remon M","Karian","2401 Massachusetts Ave","Cambridge","MA","02140","Verified","042.397158","-071.129639","00006","$336,000"
"Firebrand Saints","Gary","Strack","1 Broadway # 14","Cambridge","MA","02142","Verified","042.362733","-071.083201","00030","$1,678,000"
"Fishery Marketplace","","","720 Massachusetts Ave","Cambridge","MA","02139","Verified","042.365856","-071.105141","00006","$336,000"
"Fishmonger","Cheryl","Williams","252 Huron Ave","Cambridge","MA","02138","Verified","042.381327","-071.133856","00002","$112,000"
"Flame Asian Restaurant","","","1001 Massachusetts Ave","Cambridge","MA","02138","Verified","042.369644","-071.111271","00006","$336,000"
"Flat Top Johnny's","John","Adams","1 Kendall Sq # B2104","Cambridge","MA","02139","Verified","042.366665","-071.090897","00015","$1,007,000"
"Flour Bakery + Cafe","Shelby","Lafond","190 Massachusetts Ave","Cambridge","MA","02139","Verified","042.360985","-071.096741","00025","$1,398,000"
"Foodland","","","2234 Massachusetts Ave","Cambridge","MA","02140","Verified","042.393734","-071.126428","00002","$395,000"
"Forage Restaurant","","","5 Craigie Cir","Cambridge","MA","02138","Verified","042.379332","-071.127431","00006","$336,000"
"Frank's Steak House","Bill","Ravanis Jr","2310 Massachusetts Ave","Cambridge","MA","02140","Verified","042.395334","-071.128334","00035","$1,957,000"
"Friendly Toast-Cambridge","Staci","Pinard","1 Kendall Sq # B3101","Cambridge","MA","02139","Verified","042.366665","-071.090897","00100","$5,591,000"
"Fuji At Kendall","Jimmy","Liang","300 3rd St","Cambridge","MA","02142","Verified","042.365281","-071.081983","00006","$336,000"
"Garden At The Cellar","Brandon","Arms","991 Massachusetts Ave # 1","Cambridge","MA","02138","Verified","042.369475","-071.110921","00010","$560,000"
"Genji","Julie","Mcmurtrie","115 Prospect St","Cambridge","MA","02139","Verified","042.368050","-071.102496","00006","$336,000"
"Genji","Fei","Tung","340 River St","Cambridge","MA","02139","Verified","042.361687","-071.113945","00006","$336,000"
"Giulia","","","1682 Massachusetts Ave","Cambridge","MA","02138","Verified","042.382506","-071.120101","00006","$336,000"
"Go Go Curry","","","581 Massachusetts Ave","Cambridge","MA","02139","Verified","042.365301","-071.102332","00006","$336,000"
"Grafton Street Pub Grill","Patrick","Lee","1230 Massachusetts Ave","Cambridge","MA","02138","Verified","042.372154","-071.115982","00120","$6,710,000"
"Gran Gusto","Giuseppe","Cascennanno","90 Sherman St # A","Cambridge","MA","02140","Verified","042.388474","-071.132133","00005","$280,000"
"Greek Corner Restaurant","Sammy","Boretos","2366 Massachusetts Ave","Cambridge","MA","02140","Verified","042.396358","-071.129563","00004","$224,000"
"Green St Grill","Dylan","Black","280 Green St","Cambridge","MA","02139","Verified","042.364520","-071.104193","00030","$1,678,000"
"Gregg Moree","","","25 Fairfield St","Cambridge","MA","02140","Verified","042.391755","-071.126269","00006","$336,000"
"Grendel's Den","Kari","Kulzer","89 Winthrop St","Cambridge","MA","02138","Verified","042.372377","-071.120642","00045","$2,516,000"
"Guangzhou Chinese Restaurant","Chun","Wong","1220 Cambridge St","Cambridge","MA","02139","Verified","042.373200","-071.097768","00002","$112,000"
"Gyu-KAKU","Toshinori","Hayakawa","16 Eliot St","Cambridge","MA","02138","Verified","042.372199","-071.121577","00033","$1,845,000"
"Half Shell Pizza","Paul","Lagoudakis","1760 Massachusetts Ave","Cambridge","MA","02140","Verified","042.385350","-071.119634","00003","$168,000"
"Harvard Faculty Club","Syed","Shahidullah","20 Quincy St","Cambridge","MA","02138","Verified","042.373730","-071.114726","00100","$0"
"Harvard House Of Pizza","Mike","Stamatakis","1706 Massachusetts Ave","Cambridge","MA","02138","Verified","042.383199","-071.119854","00003","$168,000"
"Harvard Nw Labs Office","","","52 Oxford St","Cambridge","MA","02138","Verified","042.377125","-071.115730","00006","$336,000"
"Harvest","Joseph","Kachuroi","44 Brattle St","Cambridge","MA","02138","Verified","042.373700","-071.121918","00075","$4,194,000"
"Harvest Of India","Vinay","Kumar","1001 Massachusetts Ave # 1","Cambridge","MA","02138","Verified","042.369644","-071.111271","00003","$168,000"
"Harvot Lotus Kui Inc","Lily","Chen","1712 Massachusetts Ave","Cambridge","MA","02138","Verified","042.383529","-071.119885","00030","$1,678,000"
"Healthy Pharms","Nat","Averill","98 Winthrop St","Cambridge","MA","02138","Verified","042.372303","-071.121246","00006","$336,000"
"Hearthstone Partners","Lisa","Ardolino","290 Main St","Cambridge","MA","02142","Verified","042.361971","-071.085504","00006","$336,000"
"Helmand","Mahmood","Karzai","143 1st St","Cambridge","MA","02142","Verified","042.366410","-071.078131","00020","$1,119,000"
"Henrietta's Table","Peter","Davis","1 Bennett St","Cambridge","MA","02138","Verified","042.371792","-071.122780","00060","$3,355,000"
"Herbert & Kong","","","777 Cambridge St","Cambridge","MA","02141","Verified","042.372498","-071.089536","00006","$336,000"
"Hi-Rise Bread Co","Rene","Becker","1663 Massachusetts Ave","Cambridge","MA","02138","Verified","042.381889","-071.119034","00006","$336,000"
"Hi-Rise Bread Co","Rene","Becker","208 Concord Ave","Cambridge","MA","02138","Verified","042.382461","-071.131449","00040","$2,237,000"
"Highland Fried","Mark","Romano","1271 Cambridge St","Cambridge","MA","02139","Verified","042.373597","-071.098651","00030","$1,678,000"
"Highway 61 Enterprises Inc","Jopseph","Dodd","67 Porter Rd","Cambridge","MA","02140","Verified","042.389455","-071.121156","00014","$783,000"
"Hissho Sushi","","","468 Broadway","Cambridge","MA","02138","Verified","042.373798","-071.113124","00006","$336,000"
"Hls Dos","Jeff","Dunn","1541 Massachusetts Ave","Cambridge","MA","02138","Verified","042.377693","-071.119637","00006","$336,000"
"Hong Kong Restaurant","Paul","Lee","1238 Massachusetts Ave","Cambridge","MA","02138","Verified","042.372356","-071.116051","00006","$336,000"
"Hops N Scotch","","","1248 Cambridge St","Cambridge","MA","02139","Verified","042.373294","-071.098464","00006","$336,000"
"Hot Pot Boston 1 LLC","","","485 Massachusetts Ave","Cambridge","MA","02139","Verified","042.364065","-071.101155","00006","$336,000"
"Hourly Oyster House","Patrick","Lee","15 Dunster St","Cambridge","MA","02138","Verified","042.372932","-071.119179","00006","$336,000"
"House Of Chang","Kathy","Chang","282 Concord Ave","Cambridge","MA","02138","Verified","042.383423","-071.133703","00006","$336,000"
"Huamulan Restaurant Inc","Shui H","Hua","228 Broadway","Cambridge","MA","02139","Verified","042.366398","-071.094270","00006","$336,000"
"Hub Con Inc","Vincent","Leo","517 Concord Ave","Cambridge","MA","02138","Verified","042.387956","-071.142005","00006","$336,000"
"Hyatt Regency-Cambridge","Anne","Beaumont","575 Memorial Dr","Cambridge","MA","02139","Verified","042.353685","-071.103931","00275","$31,367,000"
"IHOP Restaurant","","","16 Eliot St # 18","Cambridge","MA","02138","Verified","042.372199","-071.121577","00010","$752,000"
"Ima Pizza Store 22 LLC","Michael","Lastoria","3 Brattle St","Cambridge","MA","02138","Verified","042.373585","-071.119576","00006","$336,000"
"India Pavilion","Mohen","Singh","17 Central Sq","Cambridge","MA","02139","Verified","042.365406","-071.104797","00003","$168,000"
"Inteahouse Inc","Xin","Liu","727 Massachusetts Ave","Cambridge","MA","02139","Verified","042.366306","-071.104675","00006","$336,000"
"Intrepid Cafe","Mark","Karsdorf","150 1st St","Cambridge","MA","02142","Verified","042.366468","-071.077355","00006","$336,000"
"Island Creek Oyster","","","2 Bennett St","Cambridge","MA","02138","Verified","042.377600","-071.124700","00006","$336,000"
"Jasper White's Summer Shack","Alexander","Doten","149 Alewife Brook Pkwy","Cambridge","MA","02140","Verified","042.393555","-071.141054","00006","$336,000"
"Joe Sent Me","Sandy","Mccullough","2388 Massachusetts Ave","Cambridge","MA","02140","Verified","042.396770","-071.129859","00016","$895,000"
"Jose's Mexican Restaurant","Carlos","Mendez","131 Sherman St","Cambridge","MA","02140","Verified","042.390184","-071.132848","00010","$560,000"
"Jp Licks Mass Ave","Kimberly","Diaz","1312 Massachusetts Ave","Cambridge","MA","02138","Verified","042.372852","-071.117462","00015","$839,000"
"KAYA Restaurant","Unju","Tha","1924 Massachusetts Ave","Cambridge","MA","02140","Verified","042.389204","-071.120493","00010","$560,000"
"Kendall Hotel","Charolette","Forsythe","350 Main St","Cambridge","MA","02142","Verified","042.362267","-071.087225","00029","$3,308,000"
"Kendall House Of Pizza","Michael","Stefos","201 3rd St","Cambridge","MA","02141","Verified","042.367641","-071.081376","00003","$168,000"
